{"playerHP":90,"money":100,"player_Level":"","player_Position":{"x":6.045107841491699,"y":0.07999992370605469,"z":8.922532081604004},"skill":[],"effect":[],"level":[],"time":0.0}