{"playerHP":90,"money":120,"player_Level":"","player_Position":{"x":6.724930763244629,"y":0.07999992370605469,"z":7.432426929473877},"skill":[],"effect":[],"level":[],"time":0.0}