{"playerHP":80,"money":90,"player_Level":"","player_Position":{"x":7.105112075805664,"y":0.07999992370605469,"z":8.229470252990723},"skill":[],"effect":[],"level":[],"time":0.0}